0100,A,24530.43,34342.602,89.52711679,151,123,274,383.6,450,0.852444444,0.834437086,126,0.834437086,0,0,0,0,3,0.01986755,19,0.125827815,3,0.01986755,127,34,241,0,127,19.96688742,20,0.998344371,127,23.98373984,15.63521898,22,0.710691772,,,3015,0,0,2950,0,974.17,2570.43,4284.05,9900,4,727,127,,,2/20/2018
0101,B,12742.24,17839.136,89.10657343,67,76,143,200.2,250,0.8008,0.835820896,56,0.835820896,0,0,0,0,5,0.074626866,4,0.059701493,2,0.029850746,127,17,131,0,79,21.19402985,20,1.059701493,112,24.34210526,16.75104895,22,0.761411316,,,1420,0,0,1850,0,443.3,1437.24,2395.4,5500,4,252,49,,,2/20/2018
0102,A,20751.262,29051.7668,91.4152511,133,94,227,317.8,500,0.6356,0.842105263,112,0.842105263,0,0,0,0,7,0.052631579,8,0.060150376,6,0.045112782,127,31,195,0,127,17.85714286,20,0.892857143,127,24.46808511,14.42189427,22,0.655540649,,,2375,0,0,2300,0,1494,1964.262,3273.77,11000,17,709,89,,,2/20/2018
0103,A,19205.774,26888.0836,91.02262559,102,109,211,295.4,350,0.844,0.852941176,87,0.852941176,0,0,0,0,5,0.049019608,9,0.088235294,1,0.009803922,127,26,244,0,87,20.88235294,20,1.044117647,127,25,19.67436019,22,0.8942891,,,2130,0,0,2725,0,789.78,2490.774,4151.29,7700,31,677,81,,,2/20/2018
0104,E,11276.226,15786.7164,86.7402,54,76,130,182,250,0.728,0.740740741,40,0.740740741,0,0,0,0,4,0.074074074,9,0.166666667,1,0.018518519,124,28,153,0,67,21.38888889,20,1.069444444,57,23.68421053,20.41315385,22,0.927870629,,,1155,0,0,1800,0,480.25,1592.226,2653.71,5500,83,431,98,,,2/20/2018
0105,D,10455.258,14637.3612,90.91528696,52,63,115,161,250,0.644,0.692307692,36,0.692307692,0,0,0,0,7,0.134615385,7,0.134615385,2,0.038461538,127,29,120,0,93,23.17307692,20,1.158653846,83,25,19.82982609,22,0.901355731,,,1205,0,0,1575,0,116.4,1368.258,2280.43,5500,6,470,32,,,2/20/2018
0106,C,17736.474,24831.0636,95.3573871,113,73,186,260.4,300,0.868,0.840707965,95,0.840707965,0,0,0,0,14,0.123893805,1,0.008849558,3,0.026548673,127,41,123,0,111,24.20353982,20,1.210176991,111,24.31506849,10.59564516,22,0.481620235,,,2735,0,0,1775,0,382.59,1182.474,1970.79,6600,68,536,42,,,2/20/2018
0107,D,9408.19,13171.466,98.00197917,53,43,96,134.4,180,0.746666667,0.716981132,38,0.716981132,0,0,0,0,9,0.169811321,6,0.113207547,0,0,114,22,114,0,67,23.11320755,20,1.155660377,47,24.41860465,19.25677083,22,0.875307765,,,1225,0,0,1050,0,344.38,1109.19,1848.65,3960,0,146,28,,,2/20/2018
0108,B,15908.944,22272.5216,88.87678212,84,95,179,250.6,350,0.716,0.773809524,65,0.773809524,0,0,0,0,6,0.071428571,8,0.095238095,5,0.05952381,127,27,143,0,88,23.45238095,20,1.172619048,113,24.47368421,16.07955307,22,0.730888776,,,1970,0,0,2325,0,167.9,1726.944,2878.24,7700,5,254,73,,,2/20/2018
0109,D,6924.312,9694.0368,94.85358904,43,30,73,102.2,140,0.73,0.674418605,29,0.674418605,0,0,0,0,7,0.162790698,7,0.162790698,0,0,94,14,49,0,48,23.8372093,20,1.191860465,45,22.5,11.03452055,22,0.501569116,,,1025,0,0,675,0,253.94,483.312,805.52,3600,1,68,11,,,2/20/2018
0110,C,12501.796,17502.5144,92.6058963,83,52,135,189,240,0.7875,0.771084337,64,0.771084337,0,0,0,0,6,0.072289157,12,0.144578313,1,0.012048193,127,16,129,0,82,16.5060241,20,0.825301205,69,24.51923077,15.77525926,22,0.717057239,,,1370,0,0,1275,0,1213.8,1277.796,2129.66,5280,13,282,38,,,2/20/2018
0111,D,8072.638,11301.6932,85.87912766,45,49,94,131.6,250,0.5264,0.777777778,35,0.777777778,0,0,0,0,3,0.066666667,6,0.133333333,1,0.022222222,127,7,84,0,67,18.44444444,20,0.922222222,67,25,15.82691489,22,0.719405222,,,830,0,0,1225,0,402.8,892.638,1487.73,5500,4,342,24,,,2/20/2018
0112,D,10233.786,14327.3004,98.40178846,55,49,104,145.6,135,1.078518519,0.872727273,48,0.872727273,0,0,0,0,7,0.127272727,0,0,0,0,91,13,112,0,56,23.45454546,20,1.172727273,34,25,17.65682692,22,0.802583042,,,1290,0,0,1225,0,519.4,1101.786,1836.31,3600,0,122,32,,,2/20/2018
0113,D,6048.838,8468.3732,90.28116418,33,34,67,93.8,145,0.646896552,0.878787879,29,0.878787879,0,0,0,0,3,0.090909091,1,0.03030303,0,0,87,15,61,0,43,24.24242424,20,1.212121212,43,24.26470588,14.0258209,22,0.637537313,,,800,0,0,825,0,249.9,563.838,939.73,3600,0,187,17,,,2/20/2018
0115,C,10935.478,15309.6692,94.27136207,82,34,116,162.4,200,0.812,0.841463415,69,0.841463415,0,0,0,0,5,0.06097561,8,0.097560976,0,0,127,11,87,0,85,18.35365854,20,0.917682927,51,25,10.76836207,22,0.489471003,,,1505,0,0,850,0,872.19,749.478,1249.13,4400,1,189,51,,,2/20/2018
0116,D,6552.344,9173.2816,94.96150725,46,23,69,96.6,120,0.805,0.847826087,39,0.847826087,0,0,0,0,3,0.065217391,4,0.086956522,0,0,76,7,50,0,50,19.02173913,20,0.951086957,28,23.91304348,11.98898551,22,0.544953887,,,875,0,0,550,0,398.3,496.344,827.24,3600,0,138,16,,,2/20/2018
0118,D,8144.514,11402.3196,93.61510345,55,32,87,121.8,180,0.676666667,0.672727273,37,0.672727273,0,0,0,0,7,0.127272727,9,0.163636364,2,0.036363636,124,8,66,0,69,20.90909091,20,1.045454546,56,24.21875,10.85275862,22,0.49330721,,,1150,0,0,775,0,374,566.514,944.19,3960,44,209,38,,,2/20/2018
0120,E,4788.682,6704.1548,90.35249057,28,25,53,74.2,175,0.424,0.75,21,0.75,0,0,0,0,2,0.071428571,5,0.178571429,0,0,126,4,39,0,85,19.10714286,20,0.955357143,42,24,12.9145283,22,0.587024014,,,535,0,0,600,0,378.14,410.682,684.47,3850,20,208,10,,,2/20/2018
0121,C,11404.412,15966.1768,94.25133884,82,39,121,169.4,270,0.627407407,0.829268293,68,0.829268293,0,0,0,0,9,0.109756098,5,0.06097561,0,0,127,25,66,0,99,16.34146342,20,0.817073171,49,25,8.380330579,22,0.380924117,,,1340,0,0,975,0,976.37,608.412,1014.02,5940,1,305,46,,,2/20/2018
0123,C,11067.882,15495.0348,97.94585841,80,33,113,158.2,270,0.585925926,0.8375,67,0.8375,0,0,0,0,4,0.05,8,0.1,1,0.0125,127,24,117,0,105,15.125,20,0.75625,58,23.48484849,15.8979646,22,0.722634755,,,1210,0,0,775,0,1272.68,1077.882,1796.47,5940,2,283,46,,,2/20/2018
0124,D,6656.292,9318.8088,99.34764179,51,16,67,93.8,140,0.67,0.843137255,43,0.843137255,0,0,0,0,2,0.039215686,6,0.117647059,0,0,107,7,41,0,67,19.60784314,20,0.980392157,40,25,11.8480597,22,0.538548168,,,1000,0,0,400,0,310.97,476.292,793.82,3600,2,149,27,,,2/20/2018
0125,D,9151.346,12811.8844,92.43783838,59,40,99,138.6,180,0.77,0.711864407,42,0.711864407,0,0,0,0,6,0.101694915,11,0.186440678,0,0,122,29,89,0,91,16.27118644,20,0.813559322,30,25,14.28191919,22,0.649178145,,,960,0,0,1000,0,781.45,848.346,1413.91,3960,0,157,47,,,2/20/2018
0126,E,8331.302,11663.8228,91.55276923,56,35,91,127.4,120,1.061666667,0.767857143,43,0.767857143,0,0,0,0,7,0.125,5,0.089285714,1,0.017857143,85,19,44,0,66,19.375,20,0.96875,20,24.28571429,9.08978022,22,0.413171828,,,1085,0,0,850,0,387.64,496.302,827.17,3600,1,113,29,,,2/20/2018
0127,B,17468.998,24456.5972,100.9768671,130,43,173,242.2,280,0.865,0.907692308,118,0.907692308,0,0,0,0,4,0.030769231,8,0.061538462,0,0,127,20,104,0,119,21.80769231,20,1.090384615,65,23.8372093,10.33716763,22,0.469871256,,,2835,0,0,1025,0,722.05,1072.998,1788.33,6160,2,297,77,,,2/20/2018
0128,D,7386.204,10340.6856,84.89889655,43,44,87,121.8,120,1.015,0.860465116,37,0.860465116,0,0,0,0,0,0,6,0.139534884,0,0,74,11,73,0,40,19.41860465,20,0.970930233,34,24.43181818,13.45218391,22,0.611462905,,,835,0,0,1075,0,469.99,702.204,1170.34,3600,0,194,32,,,2/20/2018
0129,D,7403.18,10364.452,101.4134247,53,20,73,102.2,120,0.851666667,0.811320755,43,0.811320755,0,0,0,0,6,0.113207547,4,0.075471698,0,0,69,14,49,0,31,19.05660377,20,0.952830189,37,25,12.19589041,22,0.554358655,,,1010,0,0,500,0,369.3,534.18,890.3,3600,0,58,13,,,2/20/2018
0130,C,1880.982,2633.3748,94.0491,16,4,20,28,100,0.28,0.625,10,0.625,0,0,0,0,3,0.1875,3,0.1875,0,0,67,7,3,0,41,7.8125,20,0.390625,26,25,3.2485,22,0.147659091,,,125,0,0,100,0,304.97,38.982,64.97,3600,3,22,8,,,2/20/2018
0131,B,30055.548,42077.7672,101.5390135,220,76,296,414.4,380,1.090526316,0.940909091,207,0.940909091,0,0,0,0,5,0.022727273,7,0.031818182,1,0.004545455,127,28,237,0,127,19.25,20,0.9625,87,25,11.64722973,22,0.529419533,,,4235,0,0,1900,0,2366.01,2068.548,3447.58,8360,1,503,159,,,2/20/2018
0132,D,6225.034,8715.0476,95.76975385,44,21,65,91,130,0.7,0.795454545,35,0.795454545,0,0,0,0,3,0.068181818,5,0.113636364,1,0.022727273,127,12,43,0,73,19.54545455,20,0.977272727,54,22.61904762,11.97523077,22,0.544328671,,,860,0,0,475,0,329.19,467.034,778.39,3600,30,128,29,,,2/20/2018
0136,D,11455.37,16037.518,88.80131783,59,70,129,180.6,180,1.003333333,0.915254237,54,0.915254237,0,0,0,0,5,0.084745763,0,0,0,0,115,16,102,0,54,24.49152542,20,1.224576271,61,24.28571429,14.02286822,22,0.637403101,,,1445,0,0,1700,0,300.49,1085.37,1808.95,3960,1,455,39,,,2/20/2018
0137,C,12575.012,17605.0168,91.12327536,67,71,138,193.2,200,0.966,0.940298507,63,0.940298507,0,0,0,0,2,0.029850746,1,0.014925373,1,0.014925373,127,14,123,0,73,24.62686567,20,1.231343284,66,23.94366197,15.5073913,22,0.704881423,,,1650,0,0,1700,0,242.9,1284.012,2140.02,4400,0,523,69,,,2/20/2018
0138,D,9027.986,12639.1804,86.80755769,50,54,104,145.6,170,0.856470588,0.84,42,0.84,0,0,0,0,2,0.04,0,0,6,0.12,99,10,79,0,36,24.3,20,1.215,63,25,14.07028846,22,0.639558566,,,1215,0,0,1350,0,151.2,877.986,1463.31,3740,0,455,30,,,2/20/2018
0139,C,11327.02,15857.828,89.89698413,64,62,126,176.4,200,0.882,0.9375,60,0.9375,0,0,0,0,1,0.015625,2,0.03125,1,0.015625,127,11,104,0,61,25,20,1.25,71,24.59677419,13.10873016,22,0.595851371,,,1600,0,0,1525,0,482.45,991.02,1651.7,4400,1,342,58,,,2/20/2018
0140,C,19767.7,27674.78,95.95970874,129,77,206,288.4,280,1.03,0.88372093,114,0.88372093,0,0,0,0,9,0.069767442,6,0.046511628,0,0,127,17,243,0,123,17.94573643,20,0.897286822,60,25,17.83737864,22,0.810789938,,,2315,0,0,1925,0,2362.43,2204.7,3674.5,6160,0,366,68,,,2/20/2018
0141,D,13239.108,18534.7512,100.2962727,89,43,132,184.8,185,0.998918919,0.797752809,71,0.797752809,0,0,0,0,5,0.056179775,8,0.08988764,5,0.056179775,120,24,114,0,69,24.94382023,20,1.247191011,48,23.8372093,13.78924242,22,0.626783747,,,2220,0,0,1025,0,381.15,1092.108,1820.18,4070,1,386,67,,,2/20/2018
0142,D,6566.976,9193.7664,98.01456716,47,20,67,93.8,120,0.781666667,0.808510638,38,0.808510638,0,0,0,0,5,0.106382979,4,0.085106383,0,0,74,7,45,0,44,17.9787234,20,0.89893617,31,23.75,14.32776119,22,0.651261872,,,845,0,0,475,0,567.04,575.976,959.96,3600,0,129,21,,,2/20/2018
0143,D,7388.386,10343.7404,83.95893182,40,48,88,123.2,140,0.88,0.8,32,0.8,0,0,0,0,5,0.125,3,0.075,0,0,79,6,57,0,44,22.125,20,1.10625,35,24.47916667,11.67397727,22,0.530635331,,,885,0,0,1175,0,190.2,616.386,1027.31,3600,3,95,38,,,2/20/2018
0144,E,7843.242,10980.5388,93.37192857,52,32,84,117.6,150,0.784,0.788461538,41,0.788461538,0,0,0,0,1,0.019230769,10,0.192307692,0,0,97,21,61,0,57,17.59615385,20,0.879807692,40,23.4375,11.98892857,22,0.544951299,,,915,0,0,750,0,518.58,604.242,1007.07,3600,1,94,36,,,2/20/2018
0145,E,6982.442,9775.4188,95.64989041,52,21,73,102.2,100,1.022,0.826923077,43,0.826923077,0,0,0,0,2,0.038461538,3,0.057692308,4,0.076923077,59,9,58,0,34,19.03846154,20,0.951923077,26,25,10.53520548,22,0.478872976,,,990,0,0,525,0,688.49,461.442,769.07,3600,1,129,32,,,2/20/2018
0146,D,8693.908,12171.4712,87.81725253,66,33,99,138.6,160,0.86625,0.909090909,60,0.909090909,0,0,0,0,3,0.045454545,3,0.045454545,0,0,103,14,52,0,57,12.95454546,20,0.647727273,46,25,8.466464647,22,0.384839302,,,855,0,0,825,0,1007.4,502.908,838.18,3600,0,142,29,,,2/20/2018
0147,D,7774.418,10884.1852,85.43316484,41,50,91,127.4,150,0.849333333,0.731707317,30,0.731707317,0,0,0,0,1,0.024390244,9,0.219512195,1,0.024390244,92,11,82,0,56,21.34146342,20,1.067073171,36,24,15.04428571,22,0.683831169,,,875,0,0,1200,0,329.59,821.418,1369.03,3600,31,202,34,,,2/20/2018
0149,C,10560.728,14785.0192,85.16716129,59,65,124,173.6,200,0.868,0.779661017,46,0.779661017,0,0,0,0,4,0.06779661,5,0.084745763,4,0.06779661,127,12,75,0,68,24.15254237,20,1.207627119,74,23.84615385,10.26516129,22,0.46659824,,,1425,0,0,1550,0,111.6,763.728,1272.88,4400,3,200,29,,,2/20/2018
0151,C,11555.992,16178.3888,96.29993333,70,50,120,168,250,0.672,0.885714286,62,0.885714286,0,0,0,0,5,0.071428571,3,0.042857143,0,0,127,18,139,0,127,22.42857143,20,1.121428571,88,25,15.44433333,22,0.702015152,,,1570,0,0,1250,0,1095.3,1111.992,1853.32,5500,37,259,34,,,2/20/2018
0152,B,19175.726,26846.0164,91.74988517,120,89,209,292.6,300,0.975333333,0.925,111,0.925,0,0,0,0,4,0.033333333,3,0.025,2,0.016666667,127,10,204,0,86,17.95833333,20,0.897916667,88,24.71910112,17.2545933,22,0.784299696,,,2155,0,0,2200,0,1405.66,2163.726,3606.21,6600,0,401,42,,,2/20/2018
0154,A,13414.526,18780.3364,91.25527891,55,92,147,205.8,375,0.5488,0.672727273,37,0.672727273,0,0,0,0,12,0.218181818,4,0.072727273,2,0.036363636,127,30,168,0,127,23.45454546,20,1.172727273,92,24.45652174,23.32795918,22,1.060361781,,,1290,0,0,2250,0,229.3,2057.526,3429.21,8250,17,646,57,,,2/20/2018
0155,B,13355.794,18698.1116,94.72194326,87,54,141,197.4,250,0.7896,0.75862069,66,0.75862069,0,0,0,0,2,0.022988506,15,0.172413793,4,0.045977011,127,16,128,0,81,21.6091954,20,1.08045977,101,25,15.76588653,22,0.716631206,,,1880,0,0,1350,0,598.6,1333.794,2222.99,5500,4,701,48,,,2/20/2018
0156,B,11544.846,16162.7844,86.80335338,70,63,133,186.2,250,0.7448,0.771428571,54,0.771428571,0,0,0,0,5,0.071428571,6,0.085714286,5,0.071428571,127,19,91,0,68,20.78571429,20,1.039285714,83,23.80952381,12.15345865,22,0.552429938,,,1455,0,0,1500,0,420.58,969.846,1616.41,5500,27,552,36,,,2/20/2018
0157,C,15636.702,21891.3828,104.9443087,95,54,149,208.6,250,0.8344,0.8,76,0.8,0,0,0,0,15,0.157894737,4,0.042105263,0,0,127,5,207,0,76,20.47368421,20,1.023684211,66,23.61111111,31.55147651,22,1.434158023,,,1945,0,0,1275,0,624.99,2820.702,4701.17,5500,91,188,57,,,2/20/2018
0158,D,5869.534,8217.3476,97.82556667,36,24,60,84,140,0.6,0.777777778,28,0.777777778,0,0,0,0,4,0.111111111,4,0.111111111,0,0,100,13,47,0,53,20.69444444,20,1.034722222,48,25,14.9315,22,0.678704545,,,745,0,0,600,0,248.77,537.534,895.89,3600,0,158,21,,,2/20/2018
0159,B,5721.382,8009.9348,88.02126154,31,34,65,91,130,0.7,0.709677419,22,0.709677419,0,0,0,0,3,0.096774194,5,0.161290323,1,0.032258065,66,12,47,0,29,21.77419355,20,1.088709677,38,25,12.98415385,22,0.590188811,,,675,0,0,850,0,171.65,506.382,843.97,3600,13,109,23,,,2/20/2018
0160,0,0,0,0,0,0,0,0,0,0,0,0,0,0,0,0,0,0,0,0,0,0,0,0,0,0,0,0,0,0,0,0,0,0,0,0,,,0,0,0,0,0,0,0,0,0,0,0,0,,,2/20/2018
0161,A,12300.786,17221.1004,92.48711278,65,68,133,186.2,400,0.4655,0.846153846,55,0.846153846,0,0,0,0,4,0.061538462,4,0.061538462,2,0.030769231,127,33,154,0,127,19.76923077,20,0.988461538,118,23.89705882,18.95721805,22,0.861691729,,,1285,0,0,1625,0,978.57,1512.786,2521.31,8800,0,226,39,,,2/20/2018
0162,D,7668.88,10736.432,98.31897436,44,34,78,109.2,165,0.661818182,0.931818182,41,0.931818182,0,0,0,0,2,0.045454545,1,0.022727273,0,0,106,19,102,0,65,18.06818182,20,0.903409091,41,24.26470588,24.16410256,22,1.098368298,,,795,0,0,825,25,512.97,1130.88,1884.8,3630,11,73,42,,,2/20/2018
0163,B,9873.206,13822.4884,91.41857407,55,53,108,151.2,350,0.432,0.909090909,50,0.909090909,0,0,0,0,2,0.036363636,2,0.036363636,1,0.018181818,127,22,116,0,127,21.54545455,20,1.077272727,93,23.58490566,17.84268519,22,0.811031145,,,1185,0,0,1250,0,536.9,1156.206,1927.01,7700,0,97,15,,,2/20/2018
0165,A,23249.96,32549.944,94.51203252,120,126,246,344.4,500,0.6888,0.875,105,0.875,0,0,0,0,9,0.075,5,0.041666667,1,0.008333333,127,46,314,0,127,20.83333333,20,1.041666667,127,24.8015873,24.88455285,22,1.131116038,,,2500,0,0,3125,25,1154.42,3672.96,6121.6,11000,0,296,98,,,2/20/2018
0166,E,3440.414,4816.5796,98.29754286,20,15,35,49,100,0.49,0.8,16,0.8,0,0,0,0,0,0,3,0.15,1,0.05,51,8,38,0,32,17.25,20,0.8625,19,25,21.01971429,22,0.955441558,,,345,0,0,375,0,214.98,441.414,735.69,3600,3,39,6,,,2/20/2018
0167,C,5893.02,8250.228,93.54,38,25,63,88.2,110,0.801818182,0.842105263,32,0.842105263,0,0,0,0,4,0.105263158,1,0.026315789,1,0.026315789,75,18,34,0,49,17.63157895,20,0.881578947,27,25,10.82063492,22,0.491847042,,,670,0,0,625,0,318,409.02,681.7,3600,0,85,23,,,2/20/2018
0168,C,16751.68,23452.352,88.63322751,113,76,189,264.6,250,1.0584,0.849557522,96,0.849557522,0,0,0,0,7,0.061946903,7,0.061946903,3,0.026548673,127,17,175,0,92,20.30973451,20,1.015486726,95,24.67105263,12.68677249,22,0.576671477,,,2295,0,0,1875,0,1346.7,1438.68,2397.8,5500,66,267,46,,,2/20/2018
0169,D,4325.014,6055.0196,78.63661818,19,36,55,77,140,0.55,0.578947368,11,0.578947368,0,0,0,0,4,0.210526316,4,0.210526316,0,0,95,10,33,0,40,22.36842105,20,1.118421053,55,25,11.48527273,22,0.522057851,,,425,0,0,900,0,48,379.014,631.69,3600,2,263,11,,,2/20/2018
0170,D,8576.618,12007.2652,84.0844902,49,53,102,142.8,250,0.5712,0.693877551,34,0.693877551,0,0,0,0,5,0.102040816,8,0.163265306,2,0.040816327,127,9,73,0,81,22.04081633,20,1.102040816,81,23.58490566,12.46107843,22,0.566412656,,,1080,0,0,1250,0,266.65,762.618,1271.03,5500,2,447,18,,,2/20/2018
0171,E,3765.644,5271.9016,91.84497561,19,22,41,57.4,140,0.41,0.789473684,15,0.789473684,0,0,0,0,1,0.052631579,3,0.157894737,0,0,91,8,37,0,41,22.10526316,20,1.105263158,50,25,18.23756098,22,0.828980044,,,420,0,0,550,0,97.9,448.644,747.74,3600,0,219,4,,,2/20/2018
0172,D,9077.556,12708.5784,81.77978378,47,64,111,155.4,250,0.6216,0.808510638,38,0.808510638,0,0,0,0,3,0.063829787,4,0.085106383,2,0.042553191,127,16,84,0,87,15.85106383,20,0.792553191,92,24.609375,14.18252252,22,0.644660115,,,745,0,0,1575,0,605.14,944.556,1574.26,5500,18,293,40,,,2/20/2018
0173,E,6462.578,9047.6092,92.32254286,37,33,70,98,130,0.753846154,0.702702703,26,0.702702703,0,0,0,0,3,0.081081081,7,0.189189189,1,0.027027027,83,9,73,0,39,22.2972973,20,1.114864865,43,25,15.89471429,22,0.722487013,,,825,0,0,825,0,359.14,667.578,1112.63,3600,6,139,15,,,2/20/2018
0174,D,4913.428,6878.7992,77.99092064,19,44,63,88.2,120,0.735,0.894736842,17,0.894736842,0,0,0,0,0,0,2,0.105263158,0,0,83,12,37,0,41,25,20,1.25,42,25,9.879047619,22,0.449047619,,,475,0,0,1100,0,88.25,373.428,622.38,3600,2,206,13,,,2/20/2018
0175,F,5009.072,7012.7008,94.51079245,28,25,53,74.2,140,0.53,0.571428571,16,0.571428571,0,0,0,0,8,0.285714286,3,0.107142857,1,0.035714286,89,12,45,0,43,24.46428571,20,1.223214286,46,25,13.9645283,22,0.634751286,,,685,0,0,625,0,79.6,444.072,740.12,3600,2,156,15,,,2/20/2018
0176,C,15392.33,21549.262,91.07887574,85,84,169,236.6,250,0.9464,0.905882353,77,0.905882353,0,0,0,0,2,0.023529412,5,0.058823529,1,0.011764706,127,35,136,0,125,23.47058824,20,1.173529412,108,24.70238095,15.47662722,22,0.703483055,,,1995,0,0,2075,0,268.1,1569.33,2615.55,5500,11,412,46,,,2/20/2018
0177,C,7586.894,10621.6516,89.25757647,36,49,85,119,200,0.595,0.777777778,28,0.777777778,0,0,0,0,3,0.083333333,1,0.027777778,4,0.111111111,126,18,88,0,70,23.19444444,20,1.159722222,54,25,16.78223529,22,0.762828877,,,835,0,0,1225,0,262,855.894,1426.49,4400,4,405,29,,,2/20/2018
0178,F,4759.392,6663.1488,99.154,35,13,48,67.2,120,0.56,0.971428571,34,0.971428571,0,0,0,0,1,0.028571429,0,0,0,0,73,7,43,0,48,16.57142857,20,0.828571429,24,25,13.69416667,22,0.622462121,,,580,0,0,325,0,467.4,394.392,657.32,3600,0,134,32,,,2/20/2018
0179,D,7894.702,11052.5828,89.71252273,54,34,88,123.2,120,1.026666667,0.796296296,43,0.796296296,0,0,0,0,8,0.148148148,3,0.055555556,0,0,68,9,54,0,38,18.7962963,20,0.939814815,30,25,9.672386364,22,0.439653926,,,1015,0,0,850,0,555.4,510.702,851.17,3600,0,130,31,,,2/20/2018
0180,D,9474.254,13263.9556,86.91976147,68,41,109,152.6,198,0.770707071,0.808823529,55,0.808823529,0,0,0,0,6,0.088235294,7,0.102941176,0,0,127,15,52,0,89,14.26470588,20,0.713235294,55,25,8.688899083,22,0.394949958,,,970,0,0,1025,0,803.59,568.254,947.09,4356,0,195,21,,,2/20/2018
0181,C,10248.668,14348.1352,88.35058621,53,63,116,162.4,250,0.6496,0.830188679,44,0.830188679,0,0,0,0,3,0.056603774,6,0.113207547,0,0,127,19,99,0,93,25,20,1.25,93,23.80952381,13.25672414,22,0.60257837,,,1325,0,0,1500,0,361.4,922.668,1537.78,5500,44,247,47,,,2/20/2018
0182,0,0,0,0,0,0,0,0,0,0,0,0,0,0,0,0,0,0,0,0,0,0,0,0,0,0,0,0,0,0,0,0,0,0,0,0,,,0,0,0,0,0,0,0,0,0,0,0,0,,,2/20/2018
0183,C,14474.348,20264.0872,92.78428205,77,79,156,218.4,300,0.728,0.896103896,69,0.896103896,0,0,0,0,3,0.038961039,3,0.038961039,2,0.025974026,127,30,199,0,94,20.32467533,20,1.016233766,108,24.36708861,23.68961539,22,1.076800699,,,1565,0,0,1925,0,869.29,2217.348,3695.58,6600,16,296,41,,,2/20/2018
0186,F,3607.174,5050.0436,85.88509524,24,18,42,58.8,120,0.49,0.458333333,11,0.458333333,0,0,0,0,2,0.083333333,11,0.458333333,0,0,71,8,13,0,39,21.875,20,1.09375,32,25,5.721190476,22,0.260054113,,,525,0,0,450,0,129.56,144.174,240.29,3600,0,117,5,,,2/20/2018
0187,D,5488.878,7684.4292,96.29610526,35,22,57,79.8,120,0.665,0.742857143,26,0.742857143,0,0,0,0,8,0.228571429,1,0.028571429,0,0,86,18,28,0,58,21.28571429,20,1.064285714,28,25,8.388245614,22,0.381283892,,,745,0,0,550,0,252.57,286.878,478.13,3600,0,148,6,,,2/20/2018
0188,D,6565.72,9192.008,91.19055556,49,23,72,100.8,120,0.84,0.755102041,37,0.755102041,0,0,0,0,3,0.06122449,9,0.183673469,0,0,77,11,20,0,54,19.08163265,20,0.954081633,23,25,4.738888889,22,0.21540404,,,935,0,0,575,0,304.6,204.72,341.2,3600,1,69,7,,,2/20/2018
0189,0,0,0,0,0,0,0,0,0,0,0,0,0,0,0,0,0,0,0,0,0,0,0,0,0,0,0,0,0,0,0,0,0,0,0,0,,,0,0,0,0,0,0,0,0,0,0,0,0,,,2/20/2018
0190,0,0,0,0,0,0,0,0,0,0,0,0,0,0,0,0,0,0,0,0,0,0,0,0,0,0,0,0,0,0,0,0,0,0,0,0,,,0,0,0,0,0,0,0,0,0,0,0,0,,,2/20/2018
0191,D,8416.18,11782.652,91.48021739,44,48,92,128.8,162,0.795061728,0.863636364,38,0.863636364,0,0,0,0,3,0.068181818,2,0.045454545,1,0.022727273,82,12,105,0,49,24.20454546,20,1.210227273,34,25,19.94891304,22,0.906768775,,,1065,0,0,1200,0,374.1,1101.18,1835.3,3600,1,312,40,,,2/20/2018
0194,F,7615.384,10661.5376,96.39726582,55,24,79,110.6,130,0.850769231,0.581818182,32,0.581818182,0,0,0,0,6,0.109090909,15,0.272727273,2,0.036363636,116,8,37,0,91,22.45454546,20,1.122727273,21,22.91666667,9.565063291,22,0.434775604,,,1235,0,0,550,0,178.99,453.384,755.64,3600,32,105,22,,,2/20/2018
0195,F,5191.236,7267.7304,86.5206,38,22,60,84,120,0.7,0.552631579,21,0.552631579,0,0,0,0,5,0.131578947,9,0.236842105,3,0.078947368,73,18,16,0,50,16.18421053,20,0.809210526,22,21.59090909,4.201,22,0.190954545,,,615,0,0,475,0,412.78,151.236,252.06,3600,0,62,7,,,2/20/2018
0196,F,6658.766,9322.2724,96.50385507,46,23,69,96.6,100,0.966,0.630434783,29,0.630434783,0,0,0,0,9,0.195652174,8,0.173913043,0,0,75,2,40,0,41,22.82608696,20,1.141304348,35,21.73913044,12.31318841,22,0.559690382,,,1050,0,0,500,0,100,509.766,849.61,3600,0,57,12,,,2/20/2018
0197,F,7581.234,10613.7276,93.59548148,51,30,81,113.4,140,0.81,0.62745098,32,0.62745098,0,0,0,0,12,0.235294118,5,0.098039216,2,0.039215686,127,11,54,0,109,17.94117647,20,0.897058824,23,23.33333333,11.4862963,22,0.522104377,,,915,0,0,700,0,501.1,558.234,930.39,3600,0,83,6,,,2/20/2018
0198,D,3734.692,5228.5688,93.3673,23,17,40,56,80,0.7,0.695652174,16,0.695652174,0,0,0,0,2,0.086956522,5,0.217391304,0,0,55,10,17,0,42,21.52173913,20,1.076086957,15,25,9.4455,22,0.429340909,,,495,0,0,425,0,272.9,226.692,377.82,3600,5,23,11,,,2/20/2018
0199,E,5566.046,7792.4644,94.33976271,32,27,59,82.6,123,0.671544715,0.8125,26,0.8125,0,0,0,0,4,0.125,2,0.0625,0,0,80,21,44,0,51,12.1875,20,0.609375,28,25,14.88830509,22,0.67674114,,,390,0,0,675,0,467.18,527.046,878.41,3600,0,58,9,,,2/20/2018
0200,F,7099.818,9939.7452,95.94348649,54,20,74,103.6,120,0.863333333,0.722222222,39,0.722222222,0,0,0,0,14,0.259259259,1,0.018518519,0,0,58,21,40,0,48,11.85185185,20,0.592592593,10,25,8.351756757,22,0.379625307,,,640,0,0,500,0,846.57,370.818,618.03,3600,0,34,10,,,2/20/2018
0201,D,6694.644,9372.5016,86.94342857,53,24,77,107.8,140,0.77,0.603773585,32,0.603773585,0,0,0,0,8,0.150943396,12,0.226415094,1,0.018867925,83,11,31,0,60,16.50943396,20,0.825471698,20,25,7.048571429,22,0.32038961,,,875,0,0,600,0,501.94,325.644,542.74,3600,0,54,6,,,2/20/2018
0202,E,3545.58,4963.812,88.6395,20,20,40,56,120,0.466666667,0.65,13,0.65,0,0,0,0,5,0.25,1,0.05,1,0.05,79,23,15,0,59,16.25,20,0.8125,23,25,6.3575,22,0.288977273,,,325,0,0,500,0,280.54,152.58,254.3,3600,0,51,8,,,2/20/2018
0203,E,5593.24,7830.536,87.394375,43,21,64,89.6,120,0.746666667,0.674418605,29,0.674418605,0,0,0,0,3,0.069767442,11,0.255813953,0,0,70,12,20,0,57,16.74418605,20,0.837209302,13,23.80952381,4.85,22,0.220454545,,,720,0,0,500,0,414.4,186.24,310.4,3600,0,56,11,,,2/20/2018
0204,F,4066.88,5693.632,94.57860465,30,13,43,60.2,100,0.602,0.666666667,20,0.666666667,0,0,0,0,3,0.1,6,0.2,1,0.033333333,50,10,21,0,33,18.66666667,20,0.933333333,20,23.07692308,8.83255814,22,0.401479915,,,560,0,0,300,0,218.5,227.88,379.8,3600,0,132,11,,,2/20/2018
0205,F,2418.148,3385.4072,83.38441379,11,18,29,40.6,100,0.406,0.909090909,10,0.909090909,0,0,0,0,0,0,1,0.090909091,0,0,64,11,22,0,40,20.90909091,20,1.045454546,24,23.61111111,13.74413793,22,0.624733542,,,230,0,0,425,0,82.19,239.148,398.58,3600,0,46,6,,,2/20/2018
0207,F,7438.802,10414.3228,97.87897368,55,21,76,106.4,100,1.064,0.781818182,43,0.781818182,0,0,0,0,4,0.072727273,6,0.109090909,2,0.036363636,69,5,65,0,48,18.09090909,20,0.904545455,21,25,16.17986842,22,0.735448565,,,995,0,0,525,0,550.65,737.802,1229.67,3600,0,52,47,,,2/20/2018
0208,F,5211.154,7295.6156,91.42375439,23,34,57,79.8,80,0.9975,0.956521739,22,0.956521739,0,0,0,0,1,0.043478261,0,0,0,0,49,13,57,0,26,22.39130435,20,1.119565217,23,25,19.18578947,22,0.87208134,,,515,0,0,850,0,140.39,656.154,1093.59,3600,1,98,16,,,2/20/2018
0209,F,4770.134,6678.1876,83.6865614,33,24,57,79.8,100,0.798,0.757575758,25,0.757575758,0,0,0,0,2,0.060606061,6,0.181818182,0,0,42,7,34,0,17,15.90909091,20,0.795454545,25,22.91666667,10.64719298,22,0.483963317,,,525,0,0,550,0,492.77,364.134,606.89,3600,0,78,11,,,2/20/2018
0211,E,5266.15,7372.61,101.2721154,35,17,52,72.8,140,0.52,0.742857143,26,0.742857143,0,0,0,0,1,0.028571429,8,0.228571429,0,0,118,25,25,0,92,23.57142857,20,1.178571429,26,25,7.985576923,22,0.362980769,,,825,0,0,425,0,111.49,249.15,415.25,3600,0,52,7,,,2/20/2018
0212,E,3799.946,5319.9244,86.36240909,27,17,44,61.6,107,0.575700935,0.814814815,22,0.814814815,0,0,0,0,3,0.111111111,1,0.037037037,1,0.037037037,83,14,9,0,43,14.81481482,20,0.740740741,40,25,3.975227273,22,0.180692149,,,400,0,0,425,0,225,104.946,174.91,3600,0,38,13,,,2/20/2018
0213,D,7885.42,11039.588,95.00506024,46,37,83,116.2,200,0.581,0.760869565,35,0.760869565,0,0,0,0,5,0.108695652,6,0.130434783,0,0,127,26,51,0,91,23.47826087,20,1.173913044,59,25,11.87590361,22,0.539813801,,,1080,0,0,925,0,93.8,591.42,985.7,4400,1,38,37,,,2/20/2018
0214,D,4433.622,6207.0708,92.367125,25,23,48,67.2,160,0.42,0.28,7,0.28,0,0,0,0,7,0.28,11,0.44,0,0,104,23,38,0,63,24,20,1.2,41,23.91304348,15.82020833,22,0.719100379,,,600,0,0,550,0,86.25,455.622,759.37,3600,0,69,7,,,2/20/2018
0215,D,5195.94,7274.316,99.92192308,35,17,52,72.8,150,0.485333333,0.6,21,0.6,0,0,0,0,3,0.085714286,11,0.314285714,0,0,87,15,45,0,46,23,20,1.15,43,25,15.28653846,22,0.694842657,,,805,0,0,425,0,149.65,476.94,794.9,3600,0,91,15,,,2/20/2018
0216,C,7117.682,9964.7548,97.50249315,49,24,73,102.2,190,0.537894737,0.775510204,38,0.775510204,0,0,0,0,3,0.06122449,8,0.163265306,0,0,93,23,33,0,55,19.59183674,20,0.979591837,36,25,9.033835616,22,0.410628892,,,960,0,0,600,0,330.19,395.682,659.47,4180,1,49,12,,,2/20/2018
0217,D,4875.064,6825.0896,101.5638333,35,13,48,67.2,140,0.48,0.742857143,26,0.742857143,0,0,0,0,4,0.114285714,4,0.114285714,1,0.028571429,64,11,16,0,44,23.14285714,20,1.157142857,18,25,6.009166667,22,0.273143939,,,810,0,0,325,0,91.4,173.064,288.44,3600,8,31,8,,,2/20/2018
0218,B,14440.698,20216.9772,93.77076623,81,73,154,215.6,300,0.718666667,0.75308642,61,0.75308642,0,0,0,0,13,0.160493827,7,0.086419753,0,0,127,52,110,0,118,23.14814815,20,1.157407407,67,24.65753425,12.64824675,22,0.574920307,,,1875,0,0,1800,0,479.25,1168.698,1947.83,6600,3,177,20,,,2/20/2018
0220,D,9719.222,13606.9108,92.56401905,60,45,105,147,175,0.84,0.866666667,52,0.866666667,0,0,0,0,2,0.033333333,4,0.066666667,2,0.033333333,119,16,84,0,63,23.58333333,20,1.179166667,32,23.88888889,12.38447619,22,0.562930736,,,1415,0,0,1075,0,341.07,780.222,1300.37,3850,0,111,21,,,2/20/2018
0222,D,4022.566,5631.5924,85.58651064,28,19,47,65.8,140,0.47,0.678571429,19,0.678571429,0,0,0,0,4,0.142857143,5,0.178571429,0,0,127,10,24,0,113,17.5,20,0.875,22,22.36842105,8.034255319,22,0.365193424,,,490,0,0,425,25,262.15,226.566,377.61,3600,0,60,2,,,2/20/2018
0224,B,16734.84,23428.776,93.49072626,97,82,179,250.6,300,0.835333333,0.948453608,92,0.948453608,0,0,0,0,1,0.010309278,3,0.030927835,1,0.010309278,127,20,172,0,100,20.92783505,20,1.046391753,109,23.78048781,15.42681564,22,0.701218893,,,2030,0,0,1950,0,1055.72,1656.84,2761.4,6600,92,366,114,,,2/20/2018
0225,F,5592.422,7829.3908,93.20703333,38,22,60,84,100,0.84,0.789473684,30,0.789473684,0,0,0,0,0,0,8,0.210526316,0,0,72,7,25,0,52,20.92105263,20,1.046052632,19,25,7.7895,22,0.354068182,,,795,0,0,550,0,207.38,280.422,467.37,3600,0,184,11,,,2/20/2018
0226,F,6632.862,9286.0068,94.75517143,48,22,70,98,120,0.816666667,0.8125,39,0.8125,0,0,0,0,4,0.083333333,4,0.083333333,1,0.020833333,46,3,40,0,29,18.4375,20,0.921875,16,25,11.06814286,22,0.503097403,,,885,0,0,550,0,337.99,464.862,774.77,3600,0,85,28,,,2/20/2018
0228,F,4812.286,6737.2004,92.54396154,38,14,52,72.8,100,0.728,0.578947368,22,0.578947368,0,0,0,0,3,0.078947368,13,0.342105263,0,0,56,16,21,0,44,12.7631579,20,0.638157895,11,25,7.284807692,22,0.331127622,,,485,0,0,350,0,558.99,227.286,378.81,3600,0,27,3,,,2/20/2018
0229,F,5832.57,8165.598,98.85711864,42,17,59,82.6,100,0.826,0.738095238,31,0.738095238,0,0,0,0,5,0.119047619,5,0.119047619,1,0.023809524,62,8,33,0,45,22.85714286,20,1.142857143,17,25,9.422881356,20,0.471144068,,,960,0,0,425,0,198.8,333.57,555.95,3600,0,62,11,,,2/20/2018
0230,F,2439.754,3415.6556,87.13407143,13,15,28,39.2,80,0.49,0.615384615,8,0.615384615,0,0,0,0,0,0,5,0.384615385,0,0,32,10,27,0,23,16.15384615,20,0.807692308,8,25,16.23535714,22,0.737970779,,,210,0,0,375,0,245.14,272.754,454.59,3600,0,33,7,,,2/20/2018
0232,E,7865.842,11012.1788,93.64097619,52,32,84,117.6,180,0.653333333,0.730769231,38,0.730769231,0,0,0,0,6,0.115384615,7,0.134615385,1,0.019230769,0,0,35,0,0,23.65384615,20,1.182692308,0,24.21875,10.45321429,22,0.475146104,,,1230,0,0,775,0,106.57,526.842,878.07,3960,0,88,27,,,2/20/2018
0233,D,19678.6,27550.04,91.95607477,120,94,214,299.6,275,1.089454546,0.925,111,0.925,0,0,0,0,7,0.058333333,2,0.016666667,0,0,127,22,210,0,96,17.91666667,20,0.895833333,49,24.46808511,16.35981308,22,0.743627867,,,2150,0,0,2300,0,1687.24,2100.6,3501,6050,99,224,79,,,2/20/2018
0234,D,18137.134,25391.9876,90.23449751,112,89,201,281.4,275,1.023272727,0.9375,105,0.9375,0,0,0,0,3,0.026785714,4,0.035714286,0,0,120,15,160,0,74,20.35714286,20,1.017857143,47,24.15730337,12.99447761,22,0.590658073,,,2280,0,0,2150,0,1347.27,1567.134,2611.89,6050,128,185,72,,,2/20/2018
0236,F,4805.18,6727.252,90.66377359,32,21,53,74.2,100,0.742,0.65625,21,0.65625,0,0,0,0,3,0.09375,8,0.25,0,0,61,5,50,0,33,18.90625,20,0.9453125,25,23.80952381,15.76037736,22,0.716380789,,,605,0,0,500,0,354.18,501.18,835.3,3600,39,49,33,,,2/20/2018
0237,E,9483.102,13276.3428,86.21001818,64,46,110,154,210,0.733333333,0.71875,46,0.71875,0,0,0,0,4,0.0625,12,0.1875,2,0.03125,65,9,51,0,46,21.640625,20,1.08203125,16,24.45652174,7.456090909,22,0.338913223,,,1385,0,0,1125,0,429.35,492.102,820.17,4620,3,120,22,,,2/20/2018
0239,F,8648.27,12107.578,91.03442105,51,44,95,133,140,0.95,0.960784314,49,0.960784314,0,0,0,0,1,0.019607843,1,0.019607843,0,0,75,12,97,0,51,17.54901961,20,0.87745098,22,24.43181818,17.11,22,0.777727273,,,895,0,0,1075,25,706.38,975.27,1625.45,3600,39,84,24,,,2/20/2018
0240,F,5634.174,7887.8436,95.49447458,35,24,59,82.6,120,0.688333333,0.771428571,27,0.771428571,0,0,0,0,5,0.142857143,3,0.085714286,0,0,66,11,82,0,51,19.71428571,20,0.985714286,15,25,21.44559322,22,0.974799692,,,690,0,0,600,0,630.85,759.174,1265.29,3600,15,65,20,,,2/20/2018
0241,F,6820.03,9548.042,100.2945588,49,19,68,95.2,130,0.732307692,0.857142857,42,0.857142857,0,0,0,0,5,0.102040816,2,0.040816327,0,0,59,11,55,0,41,20.20408163,20,1.010204082,18,25,12.50073529,22,0.568215241,,,990,0,0,475,0,463.38,510.03,850.05,3600,3,93,23,,,2/20/2018
0242,F,5535.122,7749.1708,87.85907937,26,37,63,88.2,120,0.735,0.769230769,20,0.769230769,0,0,0,0,0,0,5,0.192307692,1,0.038461538,70,8,80,0,37,23.07692308,20,1.153846154,34,24.32432432,22.80746032,22,1.036702742,,,600,0,0,900,0,253.33,862.122,1436.87,3600,0,67,23,,,2/20/2018
0243,C,18636.83,26091.562,98.60756614,125,64,189,264.6,280,0.945,0.816,102,0.816,0,0,0,0,8,0.064,14,0.112,1,0.008,127,20,186,0,119,20.92,20,1.046,52,24.609375,17.02671958,22,0.773941799,,,2615,0,0,1575,0,1154.59,1930.83,3218.05,6160,8,360,40,,,2/20/2018
0246,F,6341.21,8877.694,97.55707692,46,19,65,91,155,0.587096774,0.804347826,37,0.804347826,0,0,0,0,3,0.065217391,5,0.108695652,1,0.02173913,74,10,50,0,58,22.2826087,20,1.114130435,15,23.42105263,11.23615385,22,0.510734266,,,1025,0,0,445,0,437.42,438.21,730.35,3600,0,57,18,,,2/20/2018
0248,D,7486.308,10480.8312,94.76339241,47,32,79,110.6,185,0.597837838,0.808510638,38,0.808510638,0,0,0,0,1,0.021276596,7,0.14893617,1,0.021276596,124,17,53,0,96,22.12765957,20,1.106382979,29,23.4375,13.06556962,22,0.593889528,,,1040,0,0,750,0,161.29,619.308,1032.18,4070,24,140,21,,,2/20/2018
0249,F,12079.432,16911.2048,103.2430086,90,27,117,163.8,210,0.78,0.855555556,77,0.855555556,0,0,0,0,4,0.044444444,9,0.1,0,0,123,13,68,0,89,23.61111111,20,1.180555556,32,24.07407407,11.24547009,22,0.511157731,,,2125,0,0,650,0,243.64,789.432,1315.72,4620,0,219,38,,,2/20/2018
0250,D,12104.936,16946.9104,100.0407934,73,48,121,169.4,230,0.736521739,0.98630137,72,0.98630137,0,0,0,0,0,0,1,0.01369863,0,0,127,14,154,0,90,21.02739726,20,1.051369863,45,24.47916667,24.2277686,22,1.101262209,,,1535,0,0,1175,0,921.34,1758.936,2931.56,5060,15,135,45,,,2/20/2018
0251,F,6280.736,8793.0304,88.46107042,30,41,71,99.4,120,0.828333333,0.966666667,29,0.966666667,0,0,0,0,0,0,1,0.033333333,0,0,51,4,96,0,36,19.16666667,20,0.958333333,16,24.3902439,25.13464789,22,1.142483995,,,575,0,0,1000,0,498.68,1070.736,1784.56,3600,32,61,30,,,2/20/2018
0252,E,9340.986,13077.3804,94.35339394,64,35,99,138.6,180,0.77,0.78125,50,0.78125,0,0,0,0,7,0.109375,6,0.09375,1,0.015625,117,12,83,0,91,19.375,20,0.96875,25,25,12.30616162,22,0.559370983,,,1240,0,0,875,0,797.68,730.986,1218.31,3960,1,171,36,,,2/20/2018
0253,F,17845.214,24983.2996,98.59234254,142,39,181,253.4,170,1.490588235,0.929577465,132,0.929577465,0,0,0,0,2,0.014084507,8,0.056338028,0,0,99,13,132,0,68,20.42253521,20,1.021126761,30,25,11.09773481,22,0.504442491,,,2900,0,0,975,0,1201.19,1205.214,2008.69,3740,60,150,51,,,2/20/2018
0255,F,5185.532,7259.7448,94.2824,36,19,55,77,130,0.592307692,0.972222222,35,0.972222222,0,0,0,0,0,0,0,0,1,0.027777778,40,5,59,0,25,15.41666667,20,0.770833333,12,25,17.34945455,22,0.78861157,,,555,0,0,475,0,680.29,572.532,954.22,3600,5,29,12,,,2/20/2018
0257,D,13770.068,19278.0952,102.0005037,104,31,135,189,150,1.26,0.913461538,95,0.913461538,0,0,0,0,2,0.019230769,7,0.067307692,0,0,78,14,132,0,57,20.48076923,20,1.024038462,22,25,14.93911111,22,0.679050505,,,2130,0,0,775,0,975.9,1210.068,2016.78,3600,100,102,26,,,2/20/2018
0258,F,5336.708,7471.3912,93.62645614,37,20,57,79.8,120,0.665,0.837837838,31,0.837837838,0,0,0,0,4,0.108108108,1,0.027027027,1,0.027027027,49,4,42,0,34,19.86486487,20,0.993243243,15,23.75,12.03824561,22,0.547192982,,,735,0,0,475,0,426.38,411.708,686.18,3600,9,84,28,,,2/20/2018
0259,E,4927.998,6899.1972,102.666625,36,12,48,67.2,120,0.56,0.722222222,26,0.722222222,0,0,0,0,7,0.194444444,3,0.083333333,0,0,79,19,30,0,55,18.33333333,20,0.916666667,19,25,9.965208333,22,0.452964015,,,660,0,0,300,0,366.38,286.998,478.33,3600,18,52,15,,,2/20/2018
0260,F,3890.244,5446.3416,86.44986667,24,21,45,63,120,0.525,0.791666667,19,0.791666667,0,0,0,0,2,0.083333333,2,0.083333333,1,0.041666667,61,6,36,0,43,13.54166667,20,0.677083333,18,23.80952381,16.30533333,22,0.741151515,,,325,0,0,500,0,291,440.244,733.74,3600,3,68,3,,,2/20/2018
0261,F,9687.576,13562.6064,97.85430303,64,35,99,138.6,280,0.495,0.859375,55,0.859375,0,0,0,0,5,0.078125,4,0.0625,0,0,127,21,85,0,115,22.265625,20,1.11328125,30,22.85714286,17.23191919,22,0.783269054,,,1425,0,0,800,0,203.19,1023.576,1705.96,6160,1,165,17,,,2/20/2018
0262,F,4629.648,6481.5072,89.03169231,31,21,52,72.8,100,0.728,0.64516129,20,0.64516129,0,0,0,0,4,0.129032258,7,0.225806452,0,0,19,0,33,0,10,23.06451613,20,1.153225807,8,23.80952381,9.828461539,22,0.446748252,,,715,0,0,500,0,250.6,306.648,511.08,3600,0,68,1,,,2/20/2018
0263,D,4119.3,5767.02,100.4707317,29,12,41,57.4,100,0.574,0.724137931,21,0.724137931,0,0,0,0,4,0.137931034,3,0.103448276,1,0.034482759,0,0,31,0,0,23.96551724,20,1.198275862,0,22.91666667,16.1097561,22,0.732261641,,,695,0,0,275,25,144.19,396.3,660.5,3600,3,44,4,,,2/20/2018
0265,C,3609.808,5053.7312,85.94780952,21,21,42,58.8,120,0.49,0.761904762,16,0.761904762,0,0,0,0,0,0,5,0.238095238,0,0,47,5,32,0,40,23.57142857,20,1.178571429,7,25,11.65904762,22,0.52995671,,,495,0,0,525,0,170,293.808,489.68,3600,11,61,10,,,2/20/2018
0266,D,4183.232,5856.5248,89.00493617,27,20,47,65.8,107,0.614953271,0.814814815,22,0.814814815,0,0,0,0,3,0.111111111,2,0.074074074,0,0,0,0,28,0,0,20,20,1,0,25,10.29191489,22,0.467814313,,,540,0,0,500,0,156,290.232,483.72,3600,0,25,5,,,2/20/2018
0267,D,3306.256,4628.7584,91.84044444,19,17,36,50.4,100,0.504,0.789473684,15,0.789473684,0,0,0,0,2,0.105263158,2,0.105263158,0,0,0,0,25,0,0,20.78947368,20,1.039473684,0,25,13.99333333,22,0.636060606,,,395,0,0,425,0,92,302.256,503.76,3600,0,33,8,,,2/20/2018
0268,C,10913.252,15278.5528,88.72562602,59,64,123,172.2,270,0.637777778,0.93220339,55,0.93220339,0,0,0,0,0,0,4,0.06779661,0,0,127,17,127,0,68,23.3761017,20,1.168805085,64,25,15.09569106,22,0.686167775,,,1379.19,0,0,1600,0,776.66,1114.062,1856.77,5940,21,217,21,,,2/20/2018
0269,D,3866.934,5413.7076,94.31546342,27,14,41,57.4,85,0.675294118,0.925925926,25,0.925925926,0,0,0,0,0,0,2,0.074074074,0,0,0,0,31,0,0,20.37037037,20,1.018518519,0,23.21428571,12.43634146,22,0.565288248,,,550,0,0,325,0,159.8,305.934,509.89,3600,0,29,11,,,2/20/2018
0270,D,659.866,923.8124,109.9776667,4,2,6,8.4,75,0.112,1,4,1,0,0,0,0,0,0,0,0,0,0,0,0,4,0,0,25,20,1.25,0,25,10.51833333,22,0.478106061,,,100,0,0,50,0,16.85,37.866,63.11,3600,1,6,2,,,2/20/2018
0271,C,18278.236,25589.5304,96.71024339,137,52,189,264.6,290,0.912413793,0.890510949,122,0.890510949,0,0,0,0,4,0.02919708,7,0.051094891,4,0.02919708,5,1,114,0,4,23.57664234,20,1.178832117,0,23.07692308,9.428888889,22,0.428585859,,,3230,0,0,1200,0,891,1069.236,1782.06,6380,127,253,34,,,2/20/2018
0272,D,1259.018,1762.6252,104.9181667,8,4,12,16.8,80,0.21,0.75,6,0.75,0,0,0,0,1,0.125,1,0.125,0,0,0,0,7,0,0,25,20,1.25,0,25,12.91916667,22,0.587234848,,,200,0,0,100,0,59.9,93.018,155.03,3600,0,30,2,,,2/20/2018
0273,D,3186.138,4460.5932,83.84573684,18,20,38,53.2,100,0.532,0.777777778,14,0.777777778,0,0,0,0,1,0.055555556,3,0.166666667,0,0,0,0,37,0,0,16.94444444,20,0.847222222,0,25,14.87447368,22,0.67611244,,,305,0,0,500,0,325.4,339.138,565.23,3600,1,41,6,,,2/20/2018
0274,C,18152.49,25413.486,100.29,136,45,181,253.4,270,0.938518519,0.904411765,123,0.904411765,0,0,0,0,1,0.007352941,8,0.058823529,4,0.029411765,0,0,112,0,0,24.41176471,20,1.220588235,0,25,11.2660221,22,0.512091914,,,3320,0,0,1125,0,257.75,1223.49,2039.15,5940,1,175,43,,,2/20/2018
0275,D,3703.186,5184.4604,90.32160976,27,14,41,57.4,120,0.478333333,0.518518519,14,0.518518519,0,0,0,0,6,0.222222222,7,0.259259259,0,0,0,0,20,0,0,21.2962963,20,1.064814815,0,23.21428571,9.763658537,22,0.443802661,,,575,0,0,325,0,693.48,240.186,400.31,3600,2,45,11,,,2/20/2018
0276,F,4039.866,5655.8124,103.5863077,22,17,39,54.6,75,0.728,0.909090909,20,0.909090909,0,0,0,0,2,0.090909091,0,0,0,0,0,0,55,0,0,22.27272727,20,1.113636364,0,23.52941177,29.43871795,22,1.338123543,,,490,0,0,400,0,142.38,688.866,1148.11,3600,26,40,11,,,2/20/2018
0277,D,9524.768,13334.6752,91.58430769,64,40,104,145.6,150,0.970666667,0.921875,59,0.921875,0,0,0,0,4,0.0625,1,0.015625,0,0,0,0,82,0,0,20.390625,20,1.01953125,0,21.25,11.26230769,22,0.511923077,,,1305,0,0,850,50,700.95,702.768,1171.28,3600,1,71,30,,,2/20/2018
0278,D,2680.164,3752.2296,95.72014286,20,8,28,39.2,120,0.326666667,0.95,19,0.95,0,0,0,0,1,0.05,0,0,0,0,0,0,22,0,0,18,20,0.9,0,25,10.605,22,0.482045455,,,360,0,0,200,0,252.85,178.164,296.94,3600,0,67,6,,,2/20/2018
0279,D,8788.456,12303.8384,94.49952688,59,34,93,130.2,160,0.81375,0.847457627,50,0.847457627,0,0,0,0,3,0.050847458,5,0.084745763,1,0.016949153,0,0,97,0,0,21.10169492,20,1.055084746,0,22.79411765,16.78236559,22,0.7628348,,,1245,0,0,775,0,580.3,936.456,1560.76,3600,1,94,15,,,2/20/2018
0280,F,996.946,1395.7244,99.6946,6,4,10,14,80,0.175,0.666666667,4,0.666666667,0,0,0,0,0,0,1,0.166666667,1,0.166666667,0,0,9,0,0,25,20,1.25,0,25,18.491,22,0.8405,,,150,0,0,100,0,0,110.946,184.91,3600,1,4,3,,,2/20/2018
0281,F,7548.5,10567.9,93.19135803,42,39,81,113.4,160,0.70875,0.880952381,37,0.880952381,0,0,0,0,4,0.095238095,1,0.023809524,0,0,0,0,123,0,0,21.07142857,20,1.053571429,0,23.71794872,21.88271605,22,0.994668911,,,885,0,0,925,0,975.37,1063.5,1772.5,3600,1,88,30,,,2/20/2018
0282,D,7497.894,10497.0516,97.37524675,50,27,77,107.8,210,0.513333333,0.78,39,0.78,0,0,0,0,4,0.08,6,0.12,1,0.02,0,0,91,0,0,22.4,20,1.12,0,24.07407407,20.14922078,22,0.915873672,,,1120,0,0,650,0,566.64,930.894,1551.49,4620,1,96,15,,,2/20/2018
0283,D,5867.764,8214.8696,99.45362712,46,13,59,82.6,125,0.6608,0.760869565,35,0.760869565,0,0,0,0,3,0.065217391,6,0.130434783,2,0.043478261,0,0,35,0,0,24.13043478,20,1.206521739,0,23.07692308,10.47355932,22,0.476070878,,,1110,0,0,300,25,66.85,370.764,617.94,3600,0,59,12,,,2/20/2018
0284,D,4886.07,6840.498,82.81474576,36,23,59,82.6,105,0.786666667,0.861111111,31,0.861111111,0,0,0,0,2,0.055555556,3,0.083333333,0,0,0,0,15,0,0,16.38888889,20,0.819444444,0,22.82608696,3.956779661,22,0.179853621,,,590,0,0,525,0,406.36,140.07,233.45,3600,0,39,4,,,2/20/2018
0285,D,8352.178,11693.0492,86.10492784,50,47,97,135.8,160,0.84875,0.88,44,0.88,0,0,0,0,0,0,6,0.12,0,0,100,7,87,0,53,19.9,20,0.995,46,24.46808511,12.66628866,22,0.575740394,,,995,0,0,1150,0,594.55,737.178,1228.63,3600,1,309,17,,,2/20/2018
0286,D,7748.05,10847.27,86.08944444,46,44,90,126,190,0.663157895,0.869565217,40,0.869565217,0,0,0,0,2,0.043478261,2,0.043478261,2,0.043478261,100,12,86,0,54,17.17391304,20,0.858695652,46,23.86363636,17.79722222,22,0.808964646,,,790,0,0,1050,0,384.15,961.05,1601.75,4180,32,91,30,,,2/20/2018
0287,D,9277.38,12988.332,98.69553192,58,36,94,131.6,145,0.907586207,0.844827586,49,0.844827586,0,0,0,0,3,0.051724138,5,0.086206897,1,0.017241379,88,10,64,0,54,25,20,1.25,34,25,9.279787234,22,0.421808511,,,1450,0,0,900,0,387.2,523.38,872.3,3600,0,242,40,,,2/20/2018
0288,D,4806.388,6728.9432,96.12776,31,19,50,70,130,0.538461538,0.580645161,18,0.580645161,0,0,0,0,7,0.225806452,6,0.193548387,0,0,0,0,47,0,0,22.58064516,20,1.129032258,0,25,14.3796,22,0.653618182,,,700,0,0,475,0,315.55,431.388,718.98,3600,11,20,10,,,2/20/2018
0291,F,607.016,849.8224,60.7016,3,7,10,14,75,0.186666667,0.333333333,1,0.333333333,0,0,0,0,0,0,1,0.333333333,1,0.333333333,0,0,4,0,0,25,20,1.25,0,17.85714286,7.836,22,0.356181818,,,75,0,0,125,0,6.6,47.016,78.36,3600,2,32,2,,,2/20/2018
0292,D,3047.652,4266.7128,101.5884,22,8,30,42,120,0.35,0.954545455,21,0.954545455,0,0,0,0,0,0,0,0,1,0.045454545,0,0,30,0,0,23.86363636,20,1.193181818,0,21.875,17.314,22,0.787,,,525,0,0,175,0,112.29,311.652,519.42,3600,1,44,13,,,2/20/2018
0293,B,13551.898,18972.6572,93.46136552,78,67,145,203,300,0.676666667,0.974358974,76,0.974358974,0,0,0,0,2,0.025641026,0,0,0,0,127,7,127,0,100,23.46153846,20,1.173076923,56,23.88059702,15.92986207,22,0.72408464,,,1830,0,0,1600,0,283.45,1385.898,2309.83,6600,85,415,63,,,2/20/2018
0294,C,11346.704,15885.3856,88.646125,67,61,128,179.2,180,0.995555556,0.835820896,56,0.835820896,0,0,0,0,1,0.014925373,10,0.149253731,0,0,84,6,115,0,46,18.88059702,20,0.944029851,38,24.59016393,14.0065625,22,0.636661932,,,1265,0,0,1500,0,855.43,1075.704,1792.84,3960,48,384,46,,,2/20/2018
0295,B,16503.616,23105.0624,94.30637714,83,92,175,245,350,0.7,0.734939759,61,0.734939759,0,0,0,0,9,0.108433735,11,0.13253012,2,0.024096386,127,5,232,0,95,20.72289157,20,1.036144578,55,24.18478261,27.56777143,22,1.25308052,,,1720,0,0,2225,0,893.27,2894.616,4824.36,7700,44,615,42,,,2/20/2018
0296,F,8292.752,11609.8528,86.38283333,44,52,96,134.4,200,0.672,0.795454545,35,0.795454545,0,0,0,0,5,0.113636364,4,0.090909091,0,0,80,9,88,0,32,20.56818182,20,1.028409091,49,24.03846154,16.43666667,22,0.747121212,,,905,0,0,1250,0,319.2,946.752,1577.92,4400,83,372,53,,,2/20/2018
0297,F,4186.766,5861.4724,91.01665217,21,25,46,64.4,120,0.536666667,0.714285714,15,0.714285714,0,0,0,0,2,0.095238095,4,0.19047619,0,0,27,1,39,0,9,23.33333333,20,1.166666667,19,25,17.92630435,22,0.814832016,,,490,0,0,625,0,65,494.766,824.61,3600,24,279,15,,,2/20/2018
0298,F,11058.846,15482.3844,110.58846,79,21,100,140,170,0.823529412,0.911392405,72,0.911392405,0,0,0,0,3,0.037974684,4,0.050632911,0,0,0,0,111,0,0,24.87341772,20,1.243670886,0,25,18.2141,21,0.867338095,,,1965,0,0,525,0,515.77,1092.846,1821.41,3570,86,67,68,,,2/20/2018
0299,F,12386.126,17340.5764,104.9671695,87,31,118,165.2,175,0.944,1,87,1,0,0,0,0,0,0,0,0,0,0,0,0,165,0,0,19.54022989,20,0.977011494,0,24.19354839,21.82381356,22,0.991991525,,,1700,0,0,750,0,1419.67,1545.126,2575.21,3850,53,152,34,,,2/20/2018
0301,C,5620.29,7868.406,93.6715,43,17,60,84,100,0.84,0.930232558,40,0.930232558,0,0,0,0,1,0.023255814,2,0.046511628,0,0,0,0,26,0,0,21.62790698,20,1.081395349,0,22.05882353,9.619166667,22,0.437234848,,,930,0,0,375,0,141.03,346.29,577.15,3600,1,43,17,,,2/20/2018
0302,F,13474.108,18863.7512,106.9373651,102,24,126,176.4,180,0.98,0.852941176,87,0.852941176,0,0,0,0,5,0.049019608,10,0.098039216,0,0,0,0,147,0,0,23.23529412,20,1.161764706,0,23.95833333,15.91412698,22,0.723369408,,,2370,0,0,575,25,1367.31,1203.108,2005.18,3960,7,74,37,,,2/20/2018
0303,F,6375.856,8926.1984,96.60387879,49,17,66,92.4,170,0.543529412,0.857142857,42,0.857142857,0,0,0,0,4,0.081632653,2,0.040816327,1,0.020408163,0,0,74,0,0,17.24489796,20,0.862244898,0,25,14.01151515,22,0.636887052,,,845,0,0,425,0,949.49,554.856,924.76,3740,44,73,41,,,2/20/2018
0304,C,2403.884,3365.4376,82.89255172,13,16,29,40.6,20,2.03,0.846153846,11,0.846153846,0,0,0,0,0,0,2,0.153846154,0,0,0,0,26,0,0,16.92307692,20,0.846153846,0,25,13.72896552,22,0.624043887,,,220,0,0,400,0,216.59,238.884,398.14,3600,4,144,7,,,2/20/2018
0305,E,11873.518,16622.9252,105.0753805,87,26,113,158.2,150,1.054666667,0.965517241,84,0.965517241,0,0,0,0,3,0.034482759,0,0,0,0,0,0,155,0,0,18.73563218,20,0.936781609,0,24.03846154,24.93389381,22,1.133358809,,,1630,0,0,625,0,654.56,1690.518,2817.53,3600,64,126,37,,,2/20/2018
0306,D,7641.678,10698.3492,97.97023077,43,35,78,109.2,160,0.6825,0.860465116,37,0.860465116,0,0,0,0,3,0.069767442,3,0.069767442,0,0,0,0,110,0,0,22.44186047,20,1.122093023,0,25,22.57858974,22,1.026299534,,,965,0,0,875,0,418.9,1056.678,1761.13,3600,0,70,32,,,2/20/2018
